,Time,Cell
Hi010_012_B_ACCGCCAACC,0.0,Cell13
Hi010_012_N_GGCTGAGCTC,0.0,Cell14
Hi010_012_L_TCCGGCCTCG,0.0,Cell6
Hi010_012_N_CCGATTCCTG,0.0,Cell3
Hi010_012_J_AACCTGCGTA,0.0,Cell2
Hi010_012_J_ACCGCCAACC,0.0,Cell5
Hi010_012_M_GGTATGCTTG,0.0,Cell8
Mi018_7_TCCGGCCTCG,0.0,Cell10
Hi010_012_K_TAGCCGTCAT,0.0,Cell7
Hi010_012_J_CCGATTCCTG,0.0,Cell12
Mi018_1_CATACTCCGA,0.0,Cell15
Mi018_4_GCTAACTTGC,0.0,Cell9
Mi018_5_GGCTGAGCTC,0.0,Cell1
Hi010_012_M_GAAGAGGCAT,0.0,Cell4
Hi010_012_L_GAAGAGGCAT,0.0,Cell11
Hi010_012_H_TCCGGCCTCG,2.5,Cell1
Hi010_012_L_GGCTGAGCTC,2.5,Cell3
Mi018_5_CCGATTCCTG,2.5,Cell10
Mi018_5_GCTAACTTGC,2.5,Cell15
Hi010_012_K_ACGCGAGATT,2.5,Cell14
Hi010_012_K_GGCAGACGCC,2.5,Cell13
Hi010_012_J_CATACTCCGA,2.5,Cell2
Mi018_4_TCCGGCCTCG,2.5,Cell11
Hi010_012_N_TCCGGCCTCG,2.5,Cell8
Hi010_012_B_GAAGAGGCAT,2.5,Cell6
Mi018_5_TGGCCTGAAG,2.5,Cell4
Hi010_012_M_TGGCCTGAAG,2.5,Cell7
Mi018_6_TGGCCTGAAG,2.5,Cell9
Hi010_012_H_GCTAACTTGC,2.5,Cell12
Hi010_012_J_TGGCCTGAAG,2.5,Cell5
Hi010_012_N_GGTATCCGCC,5.0,Cell7
Hi010_012_B_CGAACGCCGG,5.0,Cell10
Mi019_4_CATACTCCGA,5.0,Cell14
Mi019_4_TCCGGCCTCG,5.0,Cell4
Hi010_012_L_CCGATTCCTG,5.0,Cell13
Hi010_012_L_GCTAACTTGC,5.0,Cell15
Hi010_012_M_ACCGCCAACC,5.0,Cell5
Hi010_012_J_TCCGGCCTCG,5.0,Cell8
Hi010_012_N_ACGCGAGATT,5.0,Cell9
Mi018_4_CATACTCCGA,5.0,Cell1
Mi018_5_CATACTCCGA,5.0,Cell11
Hi010_012_M_TAGCCGTCAT,5.0,Cell12
Hi006_007_B_GCTAACTTGC,5.0,Cell6
Hi010_012_M_CGAACGCCGG,5.0,Cell3
Hi010_012_G_ACCGCCAACC,5.0,Cell2
Hi010_012_N_CATACTCCGA,7.5,Cell12
Hi010_012_B_GGAGGTTCTA,7.5,Cell2
Mi018_6_CGAACGCCGG,7.5,Cell11
Hi010_012_I_CCTGGAAGAG,7.5,Cell7
Mi018_5_TCCGGCCTCG,7.5,Cell10
Mi018_7_CATACTCCGA,7.5,Cell4
Mi018_4_GGCTGAGCTC,7.5,Cell5
Hi010_012_B_CCTGGAAGAG,7.5,Cell13
Hi010_012_N_AACCTGCGTA,7.5,Cell14
Hi010_012_L_CATACTCCGA,7.5,Cell9
Hi010_012_N_GGTATGCTTG,7.5,Cell6
Hi010_012_K_AACCTGCGTA,7.5,Cell3
Hi010_012_K_GGTATGCTTG,7.5,Cell15
Hi006_007_B_GGAGGTTCTA,7.5,Cell8
Hi010_012_H_GGTATGCTTG,7.5,Cell1
