,All Events Venus-A Mean (log10),All Events mCherry-A Mean (log10),Plate_Well,RNASequence_FileName (Read1),RNASequence_FileName (Read2)
1.1_AATCGTAGCG,2.4476817668136217,2.492529088287751,1_E1,HeL-Ind1-1_L1_1.fq.gz,HeL-Ind1-1_L1_2.fq.gz
1.1_ACCTCGTTGA,2.4600337973128346,2.4632625599106475,1_A1,HeL-Ind1-1_L1_1.fq.gz,HeL-Ind1-1_L1_2.fq.gz
1.1_AGAACGTCTC,2.3949180228045206,2.3608117812844656,1_D2,HeL-Ind1-1_L1_1.fq.gz,HeL-Ind1-1_L1_2.fq.gz
1.1_ATCTCCGAAC,2.449520105917175,2.4967492221079555,1_C1,HeL-Ind1-1_L1_1.fq.gz,HeL-Ind1-1_L1_2.fq.gz
1.1_CAACCGCTAA,2.429788523075869,2.364640970805492,1_G2,HeL-Ind1-1_L1_1.fq.gz,HeL-Ind1-1_L1_2.fq.gz
1.1_CCAGTTCCAA,2.455691789965764,2.5210403862357165,1_E2,HeL-Ind1-1_L1_1.fq.gz,HeL-Ind1-1_L1_2.fq.gz
1.1_CCATTGCGTT,2.4332983602276985,2.431230336396008,1_B1,HeL-Ind1-1_L1_1.fq.gz,HeL-Ind1-1_L1_2.fq.gz
1.1_GAAGATCGAG,2.450064848011793,2.548947006553884,1_H3,HeL-Ind1-1_L1_1.fq.gz,HeL-Ind1-1_L1_2.fq.gz
1.1_GATACGGAAC,2.4078051221328955,2.4965899064220323,1_B2,HeL-Ind1-1_L1_1.fq.gz,HeL-Ind1-1_L1_2.fq.gz
1.1_GCCATTCTCC,2.480154663631008,2.480092094964381,1_G1,HeL-Ind1-1_L1_1.fq.gz,HeL-Ind1-1_L1_2.fq.gz
1.1_GGCAGGTATT,2.437719433275907,2.3763487579716767,1_D1,HeL-Ind1-1_L1_1.fq.gz,HeL-Ind1-1_L1_2.fq.gz
1.1_GGCGTTAAGG,2.4324327949202487,2.366769933536124,1_F2,HeL-Ind1-1_L1_1.fq.gz,HeL-Ind1-1_L1_2.fq.gz
1.1_TCGGCCTTAC,2.43199708363902,2.412880766891236,1_C2,HeL-Ind1-1_L1_1.fq.gz,HeL-Ind1-1_L1_2.fq.gz
1.1_TGGTCAGCCA,2.419669824078268,2.3801421087003405,1_A2,HeL-Ind1-1_L1_1.fq.gz,HeL-Ind1-1_L1_2.fq.gz
1.1_TTACCGAGGC,2.461170175781091,2.4474251025321774,1_H2,HeL-Ind1-1_L1_1.fq.gz,HeL-Ind1-1_L1_2.fq.gz
1.1_GGTACTGCCT,2.4421435775887708,2.488825442914269,1_F1,HeL-Ind1-1_L1_1.fq.gz,HeL-Ind1-1_L1_2.fq.gz
1.2_AATCGTAGCG,2.445807729583208,2.6393832452492685,1_E3,HeL-Ind1-2_L1_1.fq.gz,HeL-Ind1-2_L1_2.fq.gz
1.2_ACCTCGTTGA,2.490097364833016,2.593787028400837,1_A3,HeL-Ind1-2_L1_1.fq.gz,HeL-Ind1-2_L1_2.fq.gz
1.2_AGAACGTCTC,2.443121396337044,2.555627631472718,1_D4,HeL-Ind1-2_L1_1.fq.gz,HeL-Ind1-2_L1_2.fq.gz
1.2_ATCTCCGAAC,2.486192513229513,2.6222678562737904,1_C3,HeL-Ind1-2_L1_1.fq.gz,HeL-Ind1-2_L1_2.fq.gz
1.2_CAACCGCTAA,2.5081505438433003,2.63722207476132,1_G4,HeL-Ind1-2_L1_1.fq.gz,HeL-Ind1-2_L1_2.fq.gz
1.2_CCAGTTCCAA,2.4730025117706966,2.566538122464856,1_E4,HeL-Ind1-2_L1_1.fq.gz,HeL-Ind1-2_L1_2.fq.gz
1.2_CCATTGCGTT,2.3993055912924666,2.555720152671735,1_B3,HeL-Ind1-2_L1_1.fq.gz,HeL-Ind1-2_L1_2.fq.gz
1.2_GAAGATCGAG,2.6140782503716524,2.679143730815488,1_H5,HeL-Ind1-2_L1_1.fq.gz,HeL-Ind1-2_L1_2.fq.gz
1.2_GATACGGAAC,2.448605313429435,2.627596192874594,1_B4,HeL-Ind1-2_L1_1.fq.gz,HeL-Ind1-2_L1_2.fq.gz
1.2_GCCATTCTCC,2.469661730733683,2.70066118425424,1_G3,HeL-Ind1-2_L1_1.fq.gz,HeL-Ind1-2_L1_2.fq.gz
1.2_GGCAGGTATT,2.4671159383722028,2.5910164697725597,1_D3,HeL-Ind1-2_L1_1.fq.gz,HeL-Ind1-2_L1_2.fq.gz
1.2_GGCGTTAAGG,2.412993607125025,2.587554310449597,1_F4,HeL-Ind1-2_L1_1.fq.gz,HeL-Ind1-2_L1_2.fq.gz
1.2_GGTACTGCCT,2.451324081522104,2.566538122464856,1_F3,HeL-Ind1-2_L1_1.fq.gz,HeL-Ind1-2_L1_2.fq.gz
1.2_TCGGCCTTAC,2.4646569547832784,2.591216728582132,1_C4,HeL-Ind1-2_L1_1.fq.gz,HeL-Ind1-2_L1_2.fq.gz
1.2_TGGTCAGCCA,2.4662011458844626,2.5633095609708016,1_A4,HeL-Ind1-2_L1_1.fq.gz,HeL-Ind1-2_L1_2.fq.gz
1.2_TTACCGAGGC,2.450064848011793,2.617348153167199,1_H4,HeL-Ind1-2_L1_1.fq.gz,HeL-Ind1-2_L1_2.fq.gz
1.3_AATCGTAGCG,2.5155008680214306,2.565528910360664,1_E5,HeL-Ind1-3_L1_1.fq.gz,HeL-Ind1-3_L1_2.fq.gz
1.3_ACCTCGTTGA,2.5923024422918286,2.627500743531765,1_A5,HeL-Ind1-3_L1_1.fq.gz,HeL-Ind1-3_L1_2.fq.gz
1.3_AGAACGTCTC,2.5707876185937386,2.6745680246173364,1_D6,HeL-Ind1-3_L1_1.fq.gz,HeL-Ind1-3_L1_2.fq.gz
1.3_ATCTCCGAAC,2.5724321292652785,2.5512841074553627,1_C5,HeL-Ind1-3_L1_1.fq.gz,HeL-Ind1-3_L1_2.fq.gz
1.3_CAACCGCTAA,2.626134365705521,2.6016376297753627,1_G6,HeL-Ind1-3_L1_1.fq.gz,HeL-Ind1-3_L1_2.fq.gz
1.3_CCAGTTCCAA,2.628926941990938,2.557007238605129,1_E6,HeL-Ind1-3_L1_1.fq.gz,HeL-Ind1-3_L1_2.fq.gz
1.3_CCATTGCGTT,2.5905446247627486,2.648254681292169,1_B5,HeL-Ind1-3_L1_1.fq.gz,HeL-Ind1-3_L1_2.fq.gz
1.3_GAAGATCGAG,2.6897923255966445,2.615870220101948,1_H7,HeL-Ind1-3_L1_1.fq.gz,HeL-Ind1-3_L1_2.fq.gz
1.3_GATACGGAAC,2.6047009881951078,2.5856055008394123,1_B6,HeL-Ind1-3_L1_1.fq.gz,HeL-Ind1-3_L1_2.fq.gz
1.3_GCCATTCTCC,2.6312539451915837,2.666140257316389,1_G5,HeL-Ind1-3_L1_1.fq.gz,HeL-Ind1-3_L1_2.fq.gz
1.3_GGCAGGTATT,2.5105021700751458,2.6009691083096467,1_D5,HeL-Ind1-3_L1_1.fq.gz,HeL-Ind1-3_L1_2.fq.gz
1.3_GGCGTTAAGG,2.6028970125901782,2.6255253092116955,1_F6,HeL-Ind1-3_L1_1.fq.gz,HeL-Ind1-3_L1_2.fq.gz
1.3_GGTACTGCCT,2.624365656125693,2.651096167821971,1_F5,HeL-Ind1-3_L1_1.fq.gz,HeL-Ind1-3_L1_2.fq.gz
1.3_TCGGCCTTAC,2.5973915900517524,2.6748462205230714,1_C6,HeL-Ind1-3_L1_1.fq.gz,HeL-Ind1-3_L1_2.fq.gz
1.3_TGGTCAGCCA,2.516597583060433,2.641123856698182,1_A6,HeL-Ind1-3_L1_1.fq.gz,HeL-Ind1-3_L1_2.fq.gz
1.3_TTACCGAGGC,2.6108817095959704,2.5816725393070845,1_H6,HeL-Ind1-3_L1_1.fq.gz,HeL-Ind1-3_L1_2.fq.gz
1.4_AATCGTAGCG,2.6770389054492183,2.6201428620404186,1_E7,HeL-Ind1-4_L1_1.fq.gz,HeL-Ind1-4_L1_2.fq.gz
1.4_ACCTCGTTGA,2.6659255894777534,2.560955805400938,1_A7,HeL-Ind1-4_L1_1.fq.gz,HeL-Ind1-4_L1_2.fq.gz
1.4_AGAACGTCTC,2.740869840788775,2.563223288721149,1_D8,HeL-Ind1-4_L1_1.fq.gz,HeL-Ind1-4_L1_2.fq.gz
1.4_ATCTCCGAAC,2.722178879411298,2.621564135899708,1_C7,HeL-Ind1-4_L1_1.fq.gz,HeL-Ind1-4_L1_2.fq.gz
1.4_CCAGTTCCAA,2.6614727804446323,2.6543882496007525,1_E8,HeL-Ind1-4_L1_1.fq.gz,HeL-Ind1-4_L1_2.fq.gz
1.4_CCATTGCGTT,2.6589072416847515,2.5924105861628988,1_B7,HeL-Ind1-4_L1_1.fq.gz,HeL-Ind1-4_L1_2.fq.gz
1.4_GAAGATCGAG,2.7387197903192986,2.4422906413579364,1_H9,HeL-Ind1-4_L1_1.fq.gz,HeL-Ind1-4_L1_2.fq.gz
1.4_GATACGGAAC,2.704824612967723,2.575067546200926,1_B8,HeL-Ind1-4_L1_1.fq.gz,HeL-Ind1-4_L1_2.fq.gz
1.4_GCCATTCTCC,2.6904545919094334,2.577818326927987,1_G7,HeL-Ind1-4_L1_1.fq.gz,HeL-Ind1-4_L1_2.fq.gz
1.4_GGCAGGTATT,2.6648363893733817,2.6040937446843904,1_D7,HeL-Ind1-4_L1_1.fq.gz,HeL-Ind1-4_L1_2.fq.gz
1.4_TCGGCCTTAC,2.750811042682749,2.573430139203381,1_C8,HeL-Ind1-4_L1_1.fq.gz,HeL-Ind1-4_L1_2.fq.gz
1.4_TGGTCAGCCA,2.7501749149861228,2.5762987273082043,1_A8,HeL-Ind1-4_L1_1.fq.gz,HeL-Ind1-4_L1_2.fq.gz
1.4_TTACCGAGGC,2.6340119482289595,2.54214306729614,1_H8,HeL-Ind1-4_L1_1.fq.gz,HeL-Ind1-4_L1_2.fq.gz
1.4_GGTACTGCCT,2.738236441905447,2.6002350866712667,1_F7,HeL-Ind1-4_L1_1.fq.gz,HeL-Ind1-4_L1_2.fq.gz
1.4_CAACCGCTAA,2.7286211774261178,2.6147484162575814,1_G8,HeL-Ind1-4_L1_1.fq.gz,HeL-Ind1-4_L1_2.fq.gz
1.5_AGAACGTCTC,2.713401774418318,2.4318109453757657,1_D10,HeL-Ind1-5_L1_1.fq.gz,HeL-Ind1-5_L1_2.fq.gz
1.5_CAACCGCTAA,2.706553882731908,2.3890832587377906,1_G10,HeL-Ind1-5_L1_1.fq.gz,HeL-Ind1-5_L1_2.fq.gz
1.5_CCAGTTCCAA,2.7269400442872467,2.4224427390867183,1_E10,HeL-Ind1-5_L1_1.fq.gz,HeL-Ind1-5_L1_2.fq.gz
1.5_GAAGATCGAG,2.729785775625797,2.528895462361341,1_H11,HeL-Ind1-5_L1_1.fq.gz,HeL-Ind1-5_L1_2.fq.gz
1.5_GATACGGAAC,2.707840195809551,2.431230336396008,1_B10,HeL-Ind1-5_L1_1.fq.gz,HeL-Ind1-5_L1_2.fq.gz
1.5_GGCGTTAAGG,2.7044360863364405,2.3912080549346437,1_F10,HeL-Ind1-5_L1_1.fq.gz,HeL-Ind1-5_L1_2.fq.gz
1.5_TCGGCCTTAC,2.744553005127246,2.447675560821964,1_C10,HeL-Ind1-5_L1_1.fq.gz,HeL-Ind1-5_L1_2.fq.gz
1.5_TGGTCAGCCA,2.758993572162885,2.436069280200461,1_A10,HeL-Ind1-5_L1_1.fq.gz,HeL-Ind1-5_L1_2.fq.gz
1.5_GCCATTCTCC,2.665012270552728,2.38951155759882,1_G9,HeL-Ind1-5_L1_1.fq.gz,HeL-Ind1-5_L1_2.fq.gz
1.6_ACCTCGTTGA,2.7388743152444928,2.456327592927765,1_A11,HeL-Ind1-6_L1_1.fq.gz,HeL-Ind1-6_L1_2.fq.gz
1.6_AGAACGTCTC,2.6775889187483357,2.470188442700975,1_D12,HeL-Ind1-6_L1_1.fq.gz,HeL-Ind1-6_L1_2.fq.gz
1.6_ATCTCCGAAC,2.761920208787481,2.474180569625944,1_C11,HeL-Ind1-6_L1_1.fq.gz,HeL-Ind1-6_L1_2.fq.gz
1.6_CAACCGCTAA,2.731663459072841,2.456096339122607,1_G12,HeL-Ind1-6_L1_1.fq.gz,HeL-Ind1-6_L1_2.fq.gz
1.6_CCAGTTCCAA,2.71745448834267,2.443076461100522,1_E12,HeL-Ind1-6_L1_1.fq.gz,HeL-Ind1-6_L1_2.fq.gz
1.6_CCATTGCGTT,2.761569067924268,2.462392225627169,1_B11,HeL-Ind1-6_L1_1.fq.gz,HeL-Ind1-6_L1_2.fq.gz
1.6_GAAGATCGAG,,,,HeL-Ind1-6_L1_1.fq.gz,HeL-Ind1-6_L1_2.fq.gz
1.6_GATACGGAAC,2.7390920477336125,2.45655835522606,1_B12,HeL-Ind1-6_L1_1.fq.gz,HeL-Ind1-6_L1_2.fq.gz
1.6_GCCATTCTCC,2.761712545070841,2.460630343224741,1_G11,HeL-Ind1-6_L1_1.fq.gz,HeL-Ind1-6_L1_2.fq.gz
1.6_GGCAGGTATT,2.7498025707597846,2.453519497944803,1_D11,HeL-Ind1-6_L1_1.fq.gz,HeL-Ind1-6_L1_2.fq.gz
1.6_GGCGTTAAGG,2.734346606684709,2.497384157370524,1_F12,HeL-Ind1-6_L1_1.fq.gz,HeL-Ind1-6_L1_2.fq.gz
1.6_GGTACTGCCT,2.7634671248480025,2.473787897876136,1_F11,HeL-Ind1-6_L1_1.fq.gz,HeL-Ind1-6_L1_2.fq.gz
1.6_TCGGCCTTAC,2.643149120420467,2.4806474599628707,1_C12,HeL-Ind1-6_L1_1.fq.gz,HeL-Ind1-6_L1_2.fq.gz
1.6_TGGTCAGCCA,2.747786582395696,2.484457451602055,1_A12,HeL-Ind1-6_L1_1.fq.gz,HeL-Ind1-6_L1_2.fq.gz
1.6_TTACCGAGGC,2.7082901261576424,2.5244237964813783,1_H12,HeL-Ind1-6_L1_1.fq.gz,HeL-Ind1-6_L1_2.fq.gz
2.1_AATCGTAGCG,2.4421435775887708,2.526743051377143,2_E1,HeL-Ind2-1_L1_1.fq.gz,HeL-Ind2-1_L1_2.fq.gz
2.1_ACCTCGTTGA,2.4662011458844626,2.4506368431218712,2_A1,HeL-Ind2-1_L1_1.fq.gz,HeL-Ind2-1_L1_2.fq.gz
2.1_AGAACGTCTC,2.412993607125025,2.4581601025968656,2_D2,HeL-Ind2-1_L1_1.fq.gz,HeL-Ind2-1_L1_2.fq.gz
2.1_ATCTCCGAAC,2.4415520953398246,2.483562363099119,2_C1,HeL-Ind2-1_L1_1.fq.gz,HeL-Ind2-1_L1_2.fq.gz
2.1_CAACCGCTAA,2.4683223276414026,2.4714015683995783,2_G2,HeL-Ind2-1_L1_1.fq.gz,HeL-Ind2-1_L1_2.fq.gz
2.1_CCAGTTCCAA,2.4727165563470708,2.446164070697129,2_E2,HeL-Ind2-1_L1_1.fq.gz,HeL-Ind2-1_L1_2.fq.gz
2.1_CCATTGCGTT,2.428890750231038,2.3953368269510333,2_B1,HeL-Ind2-1_L1_1.fq.gz,HeL-Ind2-1_L1_2.fq.gz
2.1_GAAGATCGAG,2.447495992194435,2.5610438975927687,2_H3,HeL-Ind2-1_L1_1.fq.gz,HeL-Ind2-1_L1_2.fq.gz
2.1_GATACGGAAC,2.4473098592826075,2.414929386545054,2_B2,HeL-Ind2-1_L1_1.fq.gz,HeL-Ind2-1_L1_2.fq.gz
2.1_GCCATTCTCC,2.449883608738122,2.4227579022121546,2_G1,HeL-Ind2-1_L1_1.fq.gz,HeL-Ind2-1_L1_2.fq.gz
2.1_GGCAGGTATT,2.442535894734162,2.443076461100522,2_D1,HeL-Ind2-1_L1_1.fq.gz,HeL-Ind2-1_L1_2.fq.gz
2.1_GGCGTTAAGG,2.4423399355097466,2.4100877223131327,2_F2,HeL-Ind2-1_L1_1.fq.gz,HeL-Ind2-1_L1_2.fq.gz
2.1_GGTACTGCCT,2.4352179571325223,2.411143551902404,2_F1,HeL-Ind2-1_L1_1.fq.gz,HeL-Ind2-1_L1_2.fq.gz
2.1_TCGGCCTTAC,2.4515026382517933,2.3703980293035203,2_C2,HeL-Ind2-1_L1_1.fq.gz,HeL-Ind2-1_L1_2.fq.gz
2.1_TGGTCAGCCA,2.433513544006628,2.482478424440939,2_A2,HeL-Ind2-1_L1_1.fq.gz,HeL-Ind2-1_L1_2.fq.gz
2.1_TTACCGAGGC,2.4343695131198517,2.51325825405061,2_H2,HeL-Ind2-1_L1_1.fq.gz,HeL-Ind2-1_L1_2.fq.gz
2.2_AATCGTAGCG,2.490097364833016,2.607418579487147,2_E3,HeL-Ind2-2_L1_1.fq.gz,HeL-Ind2-2_L1_2.fq.gz
2.2_ACCTCGTTGA,2.505536574673283,2.7028298373204342,2_A3,HeL-Ind2-2_L1_1.fq.gz,HeL-Ind2-2_L1_2.fq.gz
2.2_AGAACGTCTC,2.437924992213826,2.5831192445285924,2_D4,HeL-Ind2-2_L1_1.fq.gz,HeL-Ind2-2_L1_2.fq.gz
2.2_ATCTCCGAAC,2.412727372791037,2.5818180803750925,2_C3,HeL-Ind2-2_L1_1.fq.gz,HeL-Ind2-2_L1_2.fq.gz
2.2_CAACCGCTAA,2.460196958610982,2.5484537134723544,2_G4,HeL-Ind2-2_L1_1.fq.gz,HeL-Ind2-2_L1_2.fq.gz
2.2_CCAGTTCCAA,2.482122982397128,2.641334229987165,2_E4,HeL-Ind2-2_L1_1.fq.gz,HeL-Ind2-2_L1_2.fq.gz
2.2_CCATTGCGTT,2.507353760082287,2.6738226650277426,2_B3,HeL-Ind2-2_L1_1.fq.gz,HeL-Ind2-2_L1_2.fq.gz
2.2_GAAGATCGAG,2.549342722328777,2.5941771136844345,2_H5,HeL-Ind2-2_L1_1.fq.gz,HeL-Ind2-2_L1_2.fq.gz
2.2_GATACGGAAC,2.501371532019244,2.5571898687919687,2_B4,HeL-Ind2-2_L1_1.fq.gz,HeL-Ind2-2_L1_2.fq.gz
2.2_GCCATTCTCC,2.464345129358959,2.5906148406321794,2_G3,HeL-Ind2-2_L1_1.fq.gz,HeL-Ind2-2_L1_2.fq.gz
2.2_GGCAGGTATT,2.440157707422296,2.529721121248863,2_D3,HeL-Ind2-2_L1_1.fq.gz,HeL-Ind2-2_L1_2.fq.gz
2.2_GGCGTTAAGG,2.4080852671332837,2.569020859159945,2_F4,HeL-Ind2-2_L1_1.fq.gz,HeL-Ind2-2_L1_2.fq.gz
2.2_GGTACTGCCT,2.459870359704143,2.608561470255768,2_F3,HeL-Ind2-2_L1_1.fq.gz,HeL-Ind2-2_L1_2.fq.gz
2.2_TGGTCAGCCA,2.4313398060596936,2.5358878421407365,2_A4,HeL-Ind2-2_L1_1.fq.gz,HeL-Ind2-2_L1_2.fq.gz
2.2_TTACCGAGGC,2.4435097666191594,2.608675100428856,2_H4,HeL-Ind2-2_L1_1.fq.gz,HeL-Ind2-2_L1_2.fq.gz
2.2_TCGGCCTTAC,2.4427314568778105,2.604330417520288,2_C4,HeL-Ind2-2_L1_1.fq.gz,HeL-Ind2-2_L1_2.fq.gz
2.3_TGGTCAGCCA,2.5112734819517795,2.566286697527006,2_A6,HeL-Ind2-3_L1_1.fq.gz,HeL-Ind2-3_L1_2.fq.gz
2.3_AATCGTAGCG,2.6114615551439897,2.6343466631455943,2_E5,HeL-Ind2-3_L1_1.fq.gz,HeL-Ind2-3_L1_2.fq.gz
2.3_ACCTCGTTGA,2.613480664035923,2.6608981084446306,2_A5,HeL-Ind2-3_L1_1.fq.gz,HeL-Ind2-3_L1_2.fq.gz
2.3_ATCTCCGAAC,2.5979408347813857,2.622618013381405,2_C5,HeL-Ind2-3_L1_1.fq.gz,HeL-Ind2-3_L1_2.fq.gz
2.3_CAACCGCTAA,2.598253291176908,2.586305526607253,2_G6,HeL-Ind2-3_L1_1.fq.gz,HeL-Ind2-3_L1_2.fq.gz
2.3_CCAGTTCCAA,2.6208514114254022,2.665805256678895,2_E6,HeL-Ind2-3_L1_1.fq.gz,HeL-Ind2-3_L1_2.fq.gz
2.3_CCATTGCGTT,2.5927988508523674,2.636828453953848,2_B5,HeL-Ind2-3_L1_1.fq.gz,HeL-Ind2-3_L1_2.fq.gz
2.3_GAAGATCGAG,2.7080404238582747,2.628498800912156,2_H7,HeL-Ind2-3_L1_1.fq.gz,HeL-Ind2-3_L1_2.fq.gz
2.3_GGCAGGTATT,2.5862699476978186,2.544731974419171,2_D5,HeL-Ind2-3_L1_1.fq.gz,HeL-Ind2-3_L1_2.fq.gz
2.3_GGCGTTAAGG,2.593210583067579,2.632811709058169,2_F6,HeL-Ind2-3_L1_1.fq.gz,HeL-Ind2-3_L1_2.fq.gz
2.3_GGTACTGCCT,2.5654601135783395,2.588173357159425,2_F5,HeL-Ind2-3_L1_1.fq.gz,HeL-Ind2-3_L1_2.fq.gz
2.3_TCGGCCTTAC,2.621864245081351,2.662293227164262,2_C6,HeL-Ind2-3_L1_1.fq.gz,HeL-Ind2-3_L1_2.fq.gz
2.3_TTACCGAGGC,2.6261635712995908,2.626300492302744,2_H6,HeL-Ind2-3_L1_1.fq.gz,HeL-Ind2-3_L1_2.fq.gz
2.3_AGAACGTCTC,2.622654815666718,2.562269741813472,2_D6,HeL-Ind2-3_L1_1.fq.gz,HeL-Ind2-3_L1_2.fq.gz
2.3_GATACGGAAC,2.630809710184594,2.63097765158773,2_B6,HeL-Ind2-3_L1_1.fq.gz,HeL-Ind2-3_L1_2.fq.gz
2.3_GCCATTCTCC,2.6107105016659053,2.645174655717782,2_G5,HeL-Ind2-3_L1_1.fq.gz,HeL-Ind2-3_L1_2.fq.gz
2.4_ACCTCGTTGA,2.678118771567908,2.598876354689569,2_A7,HeL-Ind2-4_L1_1.fq.gz,HeL-Ind2-4_L1_2.fq.gz
2.4_AGAACGTCTC,2.693931209098455,2.6463449458044828,2_D8,HeL-Ind2-4_L1_1.fq.gz,HeL-Ind2-4_L1_2.fq.gz
2.4_ATCTCCGAAC,2.656719478424744,2.619064562314261,2_C7,HeL-Ind2-4_L1_1.fq.gz,HeL-Ind2-4_L1_2.fq.gz
2.4_CAACCGCTAA,2.735773329286429,2.6109786892658,2_G8,HeL-Ind2-4_L1_1.fq.gz,HeL-Ind2-4_L1_2.fq.gz
2.4_CCAGTTCCAA,2.71336629066835,2.676895128691358,2_E8,HeL-Ind2-4_L1_1.fq.gz,HeL-Ind2-4_L1_2.fq.gz
2.4_CCATTGCGTT,2.7252081812587274,2.6566018557450706,2_B7,HeL-Ind2-4_L1_1.fq.gz,HeL-Ind2-4_L1_2.fq.gz
2.4_GAAGATCGAG,2.731182699235744,2.419239745146727,2_H9,HeL-Ind2-4_L1_1.fq.gz,HeL-Ind2-4_L1_2.fq.gz
2.4_GATACGGAAC,2.680775020372531,2.631944393624527,2_B8,HeL-Ind2-4_L1_1.fq.gz,HeL-Ind2-4_L1_2.fq.gz
2.4_GCCATTCTCC,2.7454564867582647,2.6478199910572093,2_G7,HeL-Ind2-4_L1_1.fq.gz,HeL-Ind2-4_L1_2.fq.gz
2.4_GGCAGGTATT,2.6348695812862486,2.607476010655096,2_D7,HeL-Ind2-4_L1_1.fq.gz,HeL-Ind2-4_L1_2.fq.gz
2.4_GGCGTTAAGG,2.7091095897714954,2.5656977651699324,2_F8,HeL-Ind2-4_L1_1.fq.gz,HeL-Ind2-4_L1_2.fq.gz
2.4_GGTACTGCCT,2.6381485311534423,2.5694291846524067,2_F7,HeL-Ind2-4_L1_1.fq.gz,HeL-Ind2-4_L1_2.fq.gz
2.4_TCGGCCTTAC,2.7020847935313417,2.6346600071451185,2_C8,HeL-Ind2-4_L1_1.fq.gz,HeL-Ind2-4_L1_2.fq.gz
2.4_TGGTCAGCCA,2.711140421567767,2.628782283110997,2_A8,HeL-Ind2-4_L1_1.fq.gz,HeL-Ind2-4_L1_2.fq.gz
2.4_TTACCGAGGC,2.6902142932857744,2.6092414742769674,2_H8,HeL-Ind2-4_L1_1.fq.gz,HeL-Ind2-4_L1_2.fq.gz
2.5_AATCGTAGCG,2.678033507948202,2.413567943998274,2_E9,HeL-Ind2-5_L1_1.fq.gz,HeL-Ind2-5_L1_2.fq.gz
2.5_ACCTCGTTGA,2.667593726762468,2.4211728577044,2_A9,HeL-Ind2-5_L1_1.fq.gz,HeL-Ind2-5_L1_2.fq.gz
2.5_ATCTCCGAAC,2.7171023242851584,2.383807389087553,2_C9,HeL-Ind2-5_L1_1.fq.gz,HeL-Ind2-5_L1_2.fq.gz
2.5_CAACCGCTAA,2.7242512244099326,2.405758632438377,2_G10,HeL-Ind2-5_L1_1.fq.gz,HeL-Ind2-5_L1_2.fq.gz
2.5_CCAGTTCCAA,2.7629447999074115,2.4608521484509644,2_E10,HeL-Ind2-5_L1_1.fq.gz,HeL-Ind2-5_L1_2.fq.gz
2.5_CCATTGCGTT,2.734175118196585,2.439629389979113,2_B9,HeL-Ind2-5_L1_1.fq.gz,HeL-Ind2-5_L1_2.fq.gz
2.5_GAAGATCGAG,2.7635445269689933,2.477462155505298,2_H11,HeL-Ind2-5_L1_1.fq.gz,HeL-Ind2-5_L1_2.fq.gz
2.5_GATACGGAAC,2.7838840028935974,2.468342954295325,2_B10,HeL-Ind2-5_L1_1.fq.gz,HeL-Ind2-5_L1_2.fq.gz
2.5_GGCGTTAAGG,2.763128641783397,2.45655835522606,2_F10,HeL-Ind2-5_L1_1.fq.gz,HeL-Ind2-5_L1_2.fq.gz
2.5_GGTACTGCCT,2.735763949833109,2.444373652402753,2_F9,HeL-Ind2-5_L1_1.fq.gz,HeL-Ind2-5_L1_2.fq.gz
2.5_TCGGCCTTAC,2.619890180529619,2.3386524095239487,2_C10,HeL-Ind2-5_L1_1.fq.gz,HeL-Ind2-5_L1_2.fq.gz
2.5_AGAACGTCTC,2.694479480213455,2.407583442123752,2_D10,HeL-Ind2-5_L1_1.fq.gz,HeL-Ind2-5_L1_2.fq.gz
2.5_TGGTCAGCCA,2.739598188016425,2.3907864092766595,2_A10,HeL-Ind2-5_L1_1.fq.gz,HeL-Ind2-5_L1_2.fq.gz
2.5_GCCATTCTCC,2.7051214277168816,2.3787350874482343,2_G9,HeL-Ind2-5_L1_1.fq.gz,HeL-Ind2-5_L1_2.fq.gz
2.5_TTACCGAGGC,2.748578327474279,2.436069280200461,2_H10,HeL-Ind2-5_L1_1.fq.gz,HeL-Ind2-5_L1_2.fq.gz
2.6_AATCGTAGCG,2.7384464942573,2.5038359732720954,2_E11,HeL-Ind2-6_L1_1.fq.gz,HeL-Ind2-6_L1_2.fq.gz
2.6_ACCTCGTTGA,2.6849611783934275,2.5009646872396027,2_A11,HeL-Ind2-6_L1_1.fq.gz,HeL-Ind2-6_L1_2.fq.gz
2.6_AGAACGTCTC,2.66900899141739,2.538411647813666,2_D12,HeL-Ind2-6_L1_1.fq.gz,HeL-Ind2-6_L1_2.fq.gz
2.6_ATCTCCGAAC,2.71822250552284,2.454932623582556,2_C11,HeL-Ind2-6_L1_1.fq.gz,HeL-Ind2-6_L1_2.fq.gz
2.6_CAACCGCTAA,2.69888079556915,2.514075625191822,2_G12,HeL-Ind2-6_L1_1.fq.gz,HeL-Ind2-6_L1_2.fq.gz
2.6_CCAGTTCCAA,2.6508420039508738,2.517941761081405,2_E12,HeL-Ind2-6_L1_1.fq.gz,HeL-Ind2-6_L1_2.fq.gz
2.6_CCATTGCGTT,2.719140587917085,2.4983296520580254,2_B11,HeL-Ind2-6_L1_1.fq.gz,HeL-Ind2-6_L1_2.fq.gz
2.6_GATACGGAAC,2.7485947532908224,2.4608521484509644,2_B12,HeL-Ind2-6_L1_1.fq.gz,HeL-Ind2-6_L1_2.fq.gz
2.6_GGCAGGTATT,2.6757373948740204,2.456788628102358,2_D11,HeL-Ind2-6_L1_1.fq.gz,HeL-Ind2-6_L1_2.fq.gz
2.6_GGCGTTAAGG,2.66962519283368,2.533531112888047,2_F12,HeL-Ind2-6_L1_1.fq.gz,HeL-Ind2-6_L1_2.fq.gz
2.6_TCGGCCTTAC,2.731516541880719,2.447675560821964,2_C12,HeL-Ind2-6_L1_1.fq.gz,HeL-Ind2-6_L1_2.fq.gz
2.6_TGGTCAGCCA,2.7498674295558194,2.4583870067974765,2_A12,HeL-Ind2-6_L1_1.fq.gz,HeL-Ind2-6_L1_2.fq.gz
2.6_TTACCGAGGC,2.779769643484165,2.4911968799114845,2_H12,HeL-Ind2-6_L1_1.fq.gz,HeL-Ind2-6_L1_2.fq.gz
2.6_GGTACTGCCT,2.7108251483879653,2.540133366674522,2_F11,HeL-Ind2-6_L1_1.fq.gz,HeL-Ind2-6_L1_2.fq.gz
2.6_GCCATTCTCC,2.653297858724092,2.483562363099119,2_G11,HeL-Ind2-6_L1_1.fq.gz,HeL-Ind2-6_L1_2.fq.gz
